iter	Logloss
0	0.5355042
10	0.3272166028
20	0.1224815347
30	0.03848657577
40	0.01500065954
50	0.006076952745
60	0.002378034206
70	0.001155767887
80	0.0006418293645
90	0.0004617591972
99	0.0003421924274
